{
  "shape": 1,
  "rotation": 0,
  "arc_style": 1,
  "turb_style": 1,
  "speed": 0.6,
  "scale": 0.55,
  "turbulence": 2,
  "turb_scale": 2,
  "turb_speed": 4.8,
  "sparks": 1,
  "pulse": 8.5,
  "lightning": 0.15,
  "arc_speed": 0.4,
  "arc_scale": 1.5,
  "col_core": [
    1,
    1,
    1
  ],
  "col_aura": [
    0.4666666666666667,
    0.21176470588235294,
    0.8509803921568627
  ]
}